{"cameraMode":{"drawMode":0,"name":"Shaded","section":"Shading Mode"},"sceneLighting":false,"audioPlay":false,"sceneViewState":{"showFog":true,"showMaterialUpdate":false,"showSkybox":false,"showFlares":true,"showImageEffects":true,"showParticleSystems":true},"in2DMode":false,"pivot":{"x":-10.300140380859375,"y":13.073026657104493,"z":-0.00013780593872070313},"rotation":{"x":-0.02267121709883213,"y":0.9753076434135437,"z":-0.18384115397930146,"w":-0.12027335911989212},"size":4.432539463043213,"orthographic":false}