{"cameraMode":{"drawMode":0,"name":"Shaded","section":"Shading Mode"},"sceneLighting":true,"audioPlay":false,"sceneViewState":{"showFog":true,"showMaterialUpdate":false,"showSkybox":true,"showFlares":true,"showImageEffects":true,"showParticleSystems":true},"in2DMode":false,"pivot":{"x":-1.1963281631469727,"y":6.384835243225098,"z":-0.8243198394775391},"rotation":{"x":-0.004039953462779522,"y":0.9705570936203003,"z":-0.016315946355462076,"w":-0.24028974771499635},"size":10.0,"orthographic":false}