{"cameraMode":{"drawMode":0,"name":"Shaded","section":"Shading Mode"},"sceneLighting":true,"audioPlay":false,"sceneViewState":{"showFog":true,"showMaterialUpdate":false,"showSkybox":true,"showFlares":true,"showImageEffects":true,"showParticleSystems":true},"in2DMode":false,"pivot":{"x":-0.8078455924987793,"y":6.008304595947266,"z":-1.1834166049957276},"rotation":{"x":0.6107353568077087,"y":0.1727849692106247,"z":-0.1388174146413803,"w":0.7601914405822754},"size":0.8660253882408142,"orthographic":false}