{"cameraMode":{"drawMode":0,"name":"Shaded","section":"Shading Mode"},"sceneLighting":true,"audioPlay":false,"sceneViewState":{"showFog":true,"showMaterialUpdate":false,"showSkybox":true,"showFlares":true,"showImageEffects":true,"showParticleSystems":true},"in2DMode":false,"pivot":{"x":0.021106872707605363,"y":0.5169411897659302,"z":-0.25695398449897768},"rotation":{"x":0.5574429631233215,"y":0.09538151323795319,"z":-0.06467274576425553,"w":0.8221850991249085},"size":1.8339745998382569,"orthographic":false}