{"cameraMode":{"drawMode":0,"name":"Shaded","section":"Shading Mode"},"sceneLighting":true,"audioPlay":false,"sceneViewState":{"showFog":true,"showMaterialUpdate":false,"showSkybox":false,"showFlares":true,"showImageEffects":true,"showParticleSystems":true},"in2DMode":false,"pivot":{"x":-18.10955810546875,"y":-8.091705322265625,"z":-11.74882984161377},"rotation":{"x":-0.08302086591720581,"y":0.8646746873855591,"z":-0.15226905047893525,"w":-0.47147631645202639},"size":12.12435531616211,"orthographic":false}