{"cameraMode":{"drawMode":0,"name":"Shaded","section":"Shading Mode"},"sceneLighting":true,"audioPlay":false,"sceneViewState":{"showFog":true,"showMaterialUpdate":false,"showSkybox":true,"showFlares":true,"showImageEffects":true,"showParticleSystems":true},"in2DMode":false,"pivot":{"x":-20.797264099121095,"y":1.062394618988037,"z":17.374013900756837},"rotation":{"x":-0.08370756357908249,"y":0.4029245972633362,"z":-0.03749621659517288,"w":-0.9110749363899231},"size":14.87447452545166,"orthographic":false}