{"cameraMode":{"drawMode":0,"name":"Shaded","section":"Shading Mode"},"sceneLighting":true,"audioPlay":false,"sceneViewState":{"showFog":true,"showMaterialUpdate":false,"showSkybox":false,"showFlares":true,"showImageEffects":true,"showParticleSystems":true},"in2DMode":false,"pivot":{"x":0.8097267150878906,"y":-0.11469650268554688,"z":0.005886077880859375},"rotation":{"x":-0.030931029468774797,"y":0.7072750329971314,"z":-0.031005283817648889,"w":-0.7055813074111939},"size":60.62177658081055,"orthographic":false}