{"cameraMode":{"drawMode":0,"name":"Shaded","section":"Shading Mode"},"sceneLighting":true,"audioPlay":false,"sceneViewState":{"showFog":true,"showMaterialUpdate":false,"showSkybox":true,"showFlares":true,"showImageEffects":true,"showParticleSystems":true},"in2DMode":false,"pivot":{"x":1.7095669507980347,"y":0.11896799504756928,"z":-0.6726810932159424},"rotation":{"x":0.3954305052757263,"y":0.11252769082784653,"z":-0.048890575766563418,"w":0.9102811813354492},"size":3.9370038509368898,"orthographic":false}