{"cameraMode":{"drawMode":0,"name":"Shaded","section":"Shading Mode"},"sceneLighting":true,"audioPlay":false,"sceneViewState":{"showFog":true,"showMaterialUpdate":false,"showSkybox":true,"showFlares":true,"showImageEffects":true,"showParticleSystems":true},"in2DMode":false,"pivot":{"x":10.399998664855957,"y":15.136693954467774,"z":-3.5961756706237795},"rotation":{"x":0.3363971412181854,"y":-0.6416491866111755,"z":0.37192174792289736,"w":0.580364465713501},"size":2.47267746925354,"orthographic":false}