{"cameraMode":{"drawMode":0,"name":"Shaded","section":"Shading Mode"},"sceneLighting":true,"audioPlay":false,"sceneViewState":{"showFog":true,"showMaterialUpdate":false,"showSkybox":true,"showFlares":true,"showImageEffects":true,"showParticleSystems":true},"in2DMode":false,"pivot":{"x":10.404772758483887,"y":15.129338264465332,"z":-3.206594228744507},"rotation":{"x":0.36581507325172427,"y":-0.5930155515670776,"z":0.3449215590953827,"w":0.6289409399032593},"size":2.47267746925354,"orthographic":false}