{"cameraMode":{"drawMode":0,"name":"Shaded","section":"Shading Mode"},"sceneLighting":true,"audioPlay":false,"sceneViewState":{"showFog":true,"showMaterialUpdate":false,"showSkybox":true,"showFlares":true,"showImageEffects":true,"showParticleSystems":true},"in2DMode":false,"pivot":{"x":3.5451536178588869,"y":7.577601909637451,"z":-0.45485547184944155},"rotation":{"x":-0.39458271861076357,"y":0.5871610641479492,"z":-0.3955323100090027,"w":-0.5857566595077515},"size":2.918168544769287,"orthographic":false}