{"cameraMode":{"drawMode":0,"name":"Shaded","section":"Shading Mode"},"sceneLighting":true,"audioPlay":false,"sceneViewState":{"showFog":true,"showMaterialUpdate":false,"showSkybox":true,"showFlares":true,"showImageEffects":true,"showParticleSystems":true},"in2DMode":false,"pivot":{"x":393.4795227050781,"y":265.730712890625,"z":-715.4927368164063},"rotation":{"x":0.017691539600491525,"y":0.00988856516778469,"z":0.00025292427744716406,"w":-0.9998265504837036},"size":1.7406251430511475,"orthographic":false}