{"cameraMode":{"drawMode":0,"name":"Shaded","section":"Shading Mode"},"sceneLighting":true,"audioPlay":false,"sceneViewState":{"showFog":true,"showMaterialUpdate":false,"showSkybox":true,"showFlares":true,"showImageEffects":true,"showParticleSystems":true},"in2DMode":false,"pivot":{"x":-4.572011947631836,"y":6.102980136871338,"z":-5.022512912750244},"rotation":{"x":-0.3865053355693817,"y":-0.23438207805156709,"z":0.10232119262218476,"w":-0.8861560225486755},"size":1.7406251430511475,"orthographic":false}